virus;virus_clean;matched_virus;taxonomic_level;family_clean;ncbi_id;family;subfamily;genus;ncbi_species
1 Guanarito virus/1 Pirital virus;Mammarenavirus;Guanarito virus;genus;Arenaviridae;3052307;Arenaviridae;NA;Mammarenavirus;Mammarenavirus guanaritoense
1 Guanarito virus/1 Pirital virus;Mammarenavirus;Pirital virus;genus;Arenaviridae;3052324;Arenaviridae;NA;Mammarenavirus;Mammarenavirus piritalense
AMRV (Amur Virus);Orthohantavirus hantanense;Amur virus;species;Hantaviridae;86782;Hantaviridae;Mammantavirinae;Orthohantavirus;Orthohantavirus hantanense
ANDV;Orthohantavirus andesense;Orthohantavirus andesense;species;Hantaviridae;1980456;Hantaviridae;Mammantavirinae;Orthohantavirus;Orthohantavirus andesense
ANDV/SNV;Orthohantavirus;Orthohantavirus andesense;genus;Hantaviridae;1980456;Hantaviridae;Mammantavirinae;Orthohantavirus;Orthohantavirus andesense
ANDV/SNV;Orthohantavirus;Orthohantavirus sinnombreense;genus;Hantaviridae;3052499;Hantaviridae;Mammantavirinae;Orthohantavirus;Orthohantavirus sinnombreense
Adler virus;Orthohantavirus tulaense;Adler hantavirus;species;Hantaviridae;1578833;Hantaviridae;Mammantavirinae;Orthohantavirus;Orthohantavirus tulaense
Allpahuayo Virus;Mammarenavirus allpahuayoense;Mammarenavirus allpahuayoense;species;Arenaviridae;144752;Arenaviridae;NA;Mammarenavirus;Mammarenavirus allpahuayoense
Altai orthohantavirus;Altai virus;Altai virus;species;Hantaviridae;517361;Hantaviridae;Mammantavirinae;Orthohantavirus;Altai virus
Alto Paraguay Strain SNV;Alto Paraguay hantavirus;Alto Paraguay hantavirus;species;Hantaviridae;261202;Hantaviridae;Mammantavirinae;Orthohantavirus;Alto Paraguay hantavirus
Alto Paraguay Strain SNV;Alto Paraguay hantavirus;Orthohantavirus sinnombreense;species;Hantaviridae;3052499;Hantaviridae;Mammantavirinae;Orthohantavirus;Orthohantavirus sinnombreense
Amga orthohantvirus;Orthohantavirus seewisense;Orthohantavirus seewisense;species;Hantaviridae;2560748;Hantaviridae;Mammantavirinae;Orthohantavirus;Orthohantavirus sp. 'seewisense'
Amga virus;Orthohantavirus seewisense;Orthohantavirus seewisense;species;Hantaviridae;2560748;Hantaviridae;Mammantavirinae;Orthohantavirus;Orthohantavirus sp. 'seewisense'
Amur virus;Orthohantavirus hantanense;Amur virus;species;Hantaviridae;86782;Hantaviridae;Mammantavirinae;Orthohantavirus;Orthohantavirus hantanense
Andes Virus;Orthohantavirus andesense;Orthohantavirus andesense;species;Hantaviridae;1980456;Hantaviridae;Mammantavirinae;Orthohantavirus;Orthohantavirus andesense
Andes hantavirus;Orthohantavirus andesense;Orthohantavirus andesense;species;Hantaviridae;1980456;Hantaviridae;Mammantavirinae;Orthohantavirus;Orthohantavirus andesense
Andes orthohantavirus;Orthohantavirus andesense;Orthohantavirus andesense;species;Hantaviridae;1980456;Hantaviridae;Mammantavirinae;Orthohantavirus;Orthohantavirus andesense
Andes virus;Orthohantavirus andesense;Orthohantavirus andesense;species;Hantaviridae;1980456;Hantaviridae;Mammantavirinae;Orthohantavirus;Orthohantavirus andesense
Andes/SNV;Orthohantavirus;Orthohantavirus andesense;genus;Hantaviridae;1980456;Hantaviridae;Mammantavirinae;Orthohantavirus;Orthohantavirus andesense
Andes/SNV;Orthohantavirus;Orthohantavirus sinnombreense;genus;Hantaviridae;3052499;Hantaviridae;Mammantavirinae;Orthohantavirus;Orthohantavirus sinnombreense
Anjozorobe virus;Orthohantavirus thailandense;Orthohantavirus thailandense;species;Hantaviridae;3052501;Hantaviridae;Mammantavirinae;Orthohantavirus;Orthohantavirus thailandense
Anjozorobe†virus;Orthohantavirus thailandense;Orthohantavirus thailandense;species;Hantaviridae;3052501;Hantaviridae;Mammantavirinae;Orthohantavirus;Orthohantavirus thailandense
Ape Aime-Itapua Strain SNV;Ape Aime-Itapua virus;Ape Aime-Itapua virus;species;Hantaviridae;700375;Hantaviridae;Mammantavirinae;Orthohantavirus;Ape Aime-Itapua virus
Ape Aime-Itapua Strain SNV;Ape Aime-Itapua virus;Orthohantavirus sinnombreense;species;Hantaviridae;3052499;Hantaviridae;Mammantavirinae;Orthohantavirus;Orthohantavirus sinnombreense
Ape Aime-Itapua virus;Ape Aime-Itapua virus;Ape Aime-Itapua virus;species;Hantaviridae;700375;Hantaviridae;Mammantavirinae;Orthohantavirus;Ape Aime-Itapua virus
Apore Virus;Mammarenavirus aporeense;Mammarenavirus aporeense;species;Arenaviridae;3052297;Arenaviridae;NA;Mammarenavirus;Mammarenavirus aporeense
Araraquara Virus;Orthohantavirus andesense;Orthohantavirus andesense;species;Hantaviridae;1980456;Hantaviridae;Mammantavirinae;Orthohantavirus;Orthohantavirus andesense
Araraquara hantavirus;Orthohantavirus andesense;Orthohantavirus andesense;species;Hantaviridae;1980456;Hantaviridae;Mammantavirinae;Orthohantavirus;Orthohantavirus andesense
Araraquara virus;Orthohantavirus andesense;Orthohantavirus andesense;species;Hantaviridae;1980456;Hantaviridae;Mammantavirinae;Orthohantavirus;Orthohantavirus andesense
Araucaria Virus;Araucaria virus;Araucaria virus;species;Hantaviridae;308159;Hantaviridae;Mammantavirinae;Orthohantavirus;Araucaria virus
Asama Virus;Orthohantavirus asamaense;Orthohantavirus asamaense;species;Hantaviridae;1980457;Hantaviridae;Mammantavirinae;Orthohantavirus;Orthohantavirus asamaense
Asama virus;Orthohantavirus asamaense;Orthohantavirus asamaense;species;Hantaviridae;1980457;Hantaviridae;Mammantavirinae;Orthohantavirus;Orthohantavirus asamaense
Asikkala virus;Orthohantavirus asikkalaense;Orthohantavirus asikkalaense;species;Hantaviridae;1980458;Hantaviridae;Mammantavirinae;Orthohantavirus;Orthohantavirus asikkalaense
Azagny virus;Azagny virus;Azagny virus;species;Hantaviridae;1001081;Hantaviridae;Mammantavirinae;Orthohantavirus;Azagny virus
Azagny†virus;Azagny virus;Azagny virus;species;Hantaviridae;1001081;Hantaviridae;Mammantavirinae;Orthohantavirus;Azagny virus
BAYV;Orthohantavirus bayoui;Orthohantavirus bayoui;species;Hantaviridae;3052470;Hantaviridae;Mammantavirinae;Orthohantavirus;Orthohantavirus bayoui
BCC;Orthohantavirus nigrorivense;Orthohantavirus nigrorivense;species;Hantaviridae;3052490;Hantaviridae;Mammantavirinae;Orthohantavirus;Orthohantavirus nigrorivense
BOWV;Orthohantavirus boweense;Orthohantavirus boweense;species;Hantaviridae;3052471;Hantaviridae;Mammantavirinae;Orthohantavirus;Orthohantavirus boweense
Baltimore Rat strain/Seoul Virus Strain;Orthohantavirus seoulense;Orthohantavirus seoulense;species;Hantaviridae;3052498;Hantaviridae;Mammantavirinae;Orthohantavirus;Orthohantavirus seoulense
Bayou Virus;Orthohantavirus bayoui;Orthohantavirus bayoui;species;Hantaviridae;3052470;Hantaviridae;Mammantavirinae;Orthohantavirus;Orthohantavirus bayoui
Bayou orthohantavirus;Orthohantavirus bayoui;Orthohantavirus bayoui;species;Hantaviridae;3052470;Hantaviridae;Mammantavirinae;Orthohantavirus;Orthohantavirus bayoui
Berega mammarenavirus;Berega mammarenavirus;Berega mammarenavirus;species;Arenaviridae;3030865;Arenaviridae;NA;Mammarenavirus;Berega mammarenavirus
Bermejo virus;Orthohantavirus andesense;Orthohantavirus andesense;species;Hantaviridae;1980456;Hantaviridae;Mammantavirinae;Orthohantavirus;Orthohantavirus andesense
Bermejo-Neembucu Strain SNV;Orthohantavirus andesense;Orthohantavirus andesense;species;Hantaviridae;1980456;Hantaviridae;Mammantavirinae;Orthohantavirus;Orthohantavirus andesense
Bermejo-Neembucu Strain SNV;Orthohantavirus andesense;Orthohantavirus sinnombreense;species;Hantaviridae;3052499;Hantaviridae;Mammantavirinae;Orthohantavirus;Orthohantavirus sinnombreense
Bitu virus;Mammarenavirus bituense;Mammarenavirus bituense;species;Arenaviridae;2956183;Arenaviridae;NA;Mammarenavirus;Mammarenavirus bituense
Black Canal Creek Virus;Orthohantavirus nigrorivense;Orthohantavirus nigrorivense;species;Hantaviridae;3052490;Hantaviridae;Mammantavirinae;Orthohantavirus;Orthohantavirus nigrorivense
Blue River virus;Orthohantavirus sinnombreense;Orthohantavirus sinnombreense;species;Hantaviridae;3052499;Hantaviridae;Mammantavirinae;Orthohantavirus;Orthohantavirus sinnombreense
Boginia virus;Boginia virus;Boginia virus;species;Hantaviridae;1246675;Hantaviridae;Mammantavirinae;Orthohantavirus;Boginia virus
CADV;Orthohantavirus delgaditoense;Orthohantavirus delgaditoense;species;Hantaviridae;3052476;Hantaviridae;Mammantavirinae;Orthohantavirus;Orthohantavirus delgaditoense
CADV/MAPV;Orthohantavirus;Orthohantavirus delgaditoense;genus;Hantaviridae;3052476;Hantaviridae;Mammantavirinae;Orthohantavirus;Orthohantavirus delgaditoense
CADV/MAPV;Orthohantavirus;Orthohantavirus maporalense;genus;Hantaviridae;3052485;Hantaviridae;Mammantavirinae;Orthohantavirus;Orthohantavirus maporalense
CASV;Orthohantavirus andesense;Orthohantavirus andesense;species;Hantaviridae;1980456;Hantaviridae;Mammantavirinae;Orthohantavirus;Orthohantavirus andesense
CPXV;Cowpox virus;Cowpox virus;species;Poxviridae;10243;Poxviridae;Chordopoxvirinae;Orthopoxvirus;Orthopoxvirus cowpox
CTNV;Catarina virus;Catarina virus;species;Arenaviridae;404768;Arenaviridae;NA;Mammarenavirus;Mammarenavirus whitewaterense
Calabazo virus;Calabazo virus;Calabazo virus;species;Hantaviridae;169174;Hantaviridae;Mammantavirinae;Orthohantavirus;Calabazo virus
Cano Delgadito Virus;Orthohantavirus delgaditoense;Orthohantavirus delgaditoense;species;Hantaviridae;3052476;Hantaviridae;Mammantavirinae;Orthohantavirus;Orthohantavirus delgaditoense
Catarina Virus;Catarina virus;Catarina virus;species;Arenaviridae;404768;Arenaviridae;NA;Mammarenavirus;Mammarenavirus whitewaterense
Catarina virus;Catarina virus;Catarina virus;species;Arenaviridae;404768;Arenaviridae;NA;Mammarenavirus;Mammarenavirus whitewaterense
Chapare mammarenavirus;Mammarenavirus chapareense;Mammarenavirus chapareense;species;Arenaviridae;3052302;Arenaviridae;NA;Mammarenavirus;Mammarenavirus chapareense
Choclo virus;Orthohantavirus chocloense;Orthohantavirus chocloense;species;Hantaviridae;3052474;Hantaviridae;Mammantavirinae;Orthohantavirus;Orthohantavirus chocloense
Ciao Bang Virus;Orthohantavirus caobangense;Orthohantavirus caobangense;species;Hantaviridae;3052473;Hantaviridae;Mammantavirinae;Orthohantavirus;Orthohantavirus caobangense
Convict Creek Virus;Orthohantavirus sinnombreense;Orthohantavirus sinnombreense;species;Hantaviridae;3052499;Hantaviridae;Mammantavirinae;Orthohantavirus;Orthohantavirus sinnombreense
DBSV;Orthohantavirus dabieshanense;Orthohantavirus dabieshanense;species;Hantaviridae;3052475;Hantaviridae;Mammantavirinae;Orthohantavirus;Orthohantavirus dabieshanense
DOBV;Orthohantavirus dobravaense;Orthohantavirus dobravaense;species;Hantaviridae;3052477;Hantaviridae;Mammantavirinae;Orthohantavirus;Orthohantavirus dobravaense
DOBV/PUUV;Orthohantavirus;Orthohantavirus dobravaense;genus;Hantaviridae;3052477;Hantaviridae;Mammantavirinae;Orthohantavirus;Orthohantavirus dobravaense
DOBV/PUUV;Orthohantavirus;Orthohantavirus puumalaense;genus;Hantaviridae;3052493;Hantaviridae;Mammantavirinae;Orthohantavirus;Orthohantavirus puumalaense
Dabieshan virus;Orthohantavirus dabieshanense;Orthohantavirus dabieshanense;species;Hantaviridae;3052475;Hantaviridae;Mammantavirinae;Orthohantavirus;Orthohantavirus dabieshanense
Dahonggou Creek virus;Dahonggou Creek virus;Dahonggou Creek virus;species;Hantaviridae;937388;Hantaviridae;Mammantavirinae;Orthohantavirus;Dahonggou Creek virus
Dobrava Virus;Orthohantavirus dobravaense;Orthohantavirus dobravaense;species;Hantaviridae;3052477;Hantaviridae;Mammantavirinae;Orthohantavirus;Orthohantavirus dobravaense
Dobrava-Belgrade orthohantavirus;Orthohantavirus dobravaense;Orthohantavirus dobravaense;species;Hantaviridae;3052477;Hantaviridae;Mammantavirinae;Orthohantavirus;Orthohantavirus dobravaense
Dobrova hantavirus;Orthohantavirus dobravaense;Orthohantavirus dobravaense;species;Hantaviridae;3052477;Hantaviridae;Mammantavirinae;Orthohantavirus;Orthohantavirus dobravaense
Dobrova orthohantavirus;Orthohantavirus dobravaense;Orthohantavirus dobravaense;species;Hantaviridae;3052477;Hantaviridae;Mammantavirinae;Orthohantavirus;Orthohantavirus dobravaense
Dobrova-Belgrade orthohantavirus;Orthohantavirus dobravaense;Orthohantavirus dobravaense;species;Hantaviridae;3052477;Hantaviridae;Mammantavirinae;Orthohantavirus;Orthohantavirus dobravaense
Dubrova-Belgrade orthohantavirus;Orthohantavirus dobravaense;Orthohantavirus dobravaense;species;Hantaviridae;3052477;Hantaviridae;Mammantavirinae;Orthohantavirus;Orthohantavirus dobravaense
ELMCV;Orthohantavirus moroense;Orthohantavirus moroense;species;Hantaviridae;3052487;Hantaviridae;Mammantavirinae;Orthohantavirus;Orthohantavirus carrizalense
El Choclo virus;Orthohantavirus chocloense;Orthohantavirus chocloense;species;Hantaviridae;3052474;Hantaviridae;Mammantavirinae;Orthohantavirus;Orthohantavirus chocloense
El Moro Canyon Virus/SNV Antigen;Orthohantavirus;Orthohantavirus moroense;genus;Hantaviridae;3052487;Hantaviridae;Mammantavirinae;Orthohantavirus;Orthohantavirus carrizalense
El Moro Canyon Virus/SNV Antigen;Orthohantavirus;Orthohantavirus sinnombreense;genus;Hantaviridae;3052499;Hantaviridae;Mammantavirinae;Orthohantavirus;Orthohantavirus sinnombreense
Four Corners Virus (SNV);Orthohantavirus sinnombreense;Orthohantavirus sinnombreense;species;Hantaviridae;3052499;Hantaviridae;Mammantavirinae;Orthohantavirus;Orthohantavirus sinnombreense
Fugong virus;Orthohantavirus fugongense;Orthohantavirus fugongense;species;Hantaviridae;3052478;Hantaviridae;Mammantavirinae;Orthohantavirus;Orthohantavirus fugongense
Gairo virus;Mammarenavirus gairoense;Mammarenavirus gairoense;species;Arenaviridae;3052306;Arenaviridae;NA;Mammarenavirus;Mammarenavirus gairoense
Gou Virus;Gou virus;Gou virus;species;Hantaviridae;1285463;Hantaviridae;Mammantavirinae;Orthohantavirus;Orthohantavirus seoulense
Guanarito Virus;Mammarenavirus guanaritoense;Mammarenavirus guanaritoense;species;Arenaviridae;3052307;Arenaviridae;NA;Mammarenavirus;Mammarenavirus guanaritoense
Guanarito mammarenavirus;Mammarenavirus guanaritoense;Mammarenavirus guanaritoense;species;Arenaviridae;3052307;Arenaviridae;NA;Mammarenavirus;Mammarenavirus guanaritoense
Guanarito virus;Mammarenavirus guanaritoense;Mammarenavirus guanaritoense;species;Arenaviridae;3052307;Arenaviridae;NA;Mammarenavirus;Mammarenavirus guanaritoense
Guanarito/Pichinde Virus;Mammarenavirus;Mammarenavirus guanaritoense;genus;Arenaviridae;3052307;Arenaviridae;NA;Mammarenavirus;Mammarenavirus guanaritoense
Guanarito/Pichinde Virus;Mammarenavirus;Mammarenavirus caliense;genus;Arenaviridae;3052300;Arenaviridae;NA;Mammarenavirus;Mammarenavirus caliense
HNTV;Orthohantavirus hantanense;Orthohantavirus hantanense;species;Hantaviridae;3052480;Hantaviridae;Mammantavirinae;Orthohantavirus;Orthohantavirus hantanense
HNTV/PUUV;Orthohantavirus;Orthohantavirus hantanense;genus;Hantaviridae;3052480;Hantaviridae;Mammantavirinae;Orthohantavirus;Orthohantavirus hantanense
HNTV/PUUV;Orthohantavirus;Orthohantavirus puumalaense;genus;Hantaviridae;3052493;Hantaviridae;Mammantavirinae;Orthohantavirus;Orthohantavirus puumalaense
HNTV/SEOV/DBSV;Orthohantavirus;Orthohantavirus hantanense;genus;Hantaviridae;3052480;Hantaviridae;Mammantavirinae;Orthohantavirus;Orthohantavirus hantanense
HNTV/SEOV/DBSV;Orthohantavirus;Orthohantavirus seoulense;genus;Hantaviridae;3052498;Hantaviridae;Mammantavirinae;Orthohantavirus;Orthohantavirus seoulense
HNTV/SEOV/DBSV;Orthohantavirus;Orthohantavirus dabieshanense;genus;Hantaviridae;3052475;Hantaviridae;Mammantavirinae;Orthohantavirus;Orthohantavirus dabieshanense
HOKV;Orthohantavirus puumalaense;Orthohantavirus puumalaense;species;Hantaviridae;3052493;Hantaviridae;Mammantavirinae;Orthohantavirus;Orthohantavirus puumalaense
HTNV;Orthohantavirus hantanense;Orthohantavirus hantanense;species;Hantaviridae;3052480;Hantaviridae;Mammantavirinae;Orthohantavirus;Orthohantavirus hantanense
HTNV spp.;Orthohantavirus hantanense;Orthohantavirus hantanense;species;Hantaviridae;3052480;Hantaviridae;Mammantavirinae;Orthohantavirus;Orthohantavirus hantanense
HTNV, SEOV;Orthohantavirus;Orthohantavirus hantanense;genus;Hantaviridae;3052480;Hantaviridae;Mammantavirinae;Orthohantavirus;Orthohantavirus hantanense
HTNV, SEOV;Orthohantavirus;Orthohantavirus seoulense;genus;Hantaviridae;3052498;Hantaviridae;Mammantavirinae;Orthohantavirus;Orthohantavirus seoulense
HTNV, SEOV, PUUV, DOBV, SEOV, SAAV;Orthohantavirus;Orthohantavirus hantanense;genus;Hantaviridae;3052480;Hantaviridae;Mammantavirinae;Orthohantavirus;Orthohantavirus hantanense
HTNV, SEOV, PUUV, DOBV, SEOV, SAAV;Orthohantavirus;Orthohantavirus sinnombreense;genus;Hantaviridae;3052499;Hantaviridae;Mammantavirinae;Orthohantavirus;Orthohantavirus sinnombreense
HTNV, SEOV, PUUV, DOBV, SEOV, SAAV;Orthohantavirus;Orthohantavirus puumalaense;genus;Hantaviridae;3052493;Hantaviridae;Mammantavirinae;Orthohantavirus;Orthohantavirus puumalaense
HTNV, SEOV, PUUV, DOBV, SEOV, SAAV;Orthohantavirus;Orthohantavirus dobravaense;genus;Hantaviridae;3052477;Hantaviridae;Mammantavirinae;Orthohantavirus;Orthohantavirus dobravaense
HTNV, SEOV, PUUV, DOBV, SEOV, SAAV;Orthohantavirus;Orthohantavirus seoulense;genus;Hantaviridae;3052498;Hantaviridae;Mammantavirinae;Orthohantavirus;Orthohantavirus seoulense
HTNV/PUUV/DOBV;Orthohantavirus;Orthohantavirus hantanense;genus;Hantaviridae;3052480;Hantaviridae;Mammantavirinae;Orthohantavirus;Orthohantavirus hantanense
HTNV/PUUV/DOBV;Orthohantavirus;Orthohantavirus puumalaense;genus;Hantaviridae;3052493;Hantaviridae;Mammantavirinae;Orthohantavirus;Orthohantavirus puumalaense
HTNV/PUUV/DOBV;Orthohantavirus;Orthohantavirus dobravaense;genus;Hantaviridae;3052477;Hantaviridae;Mammantavirinae;Orthohantavirus;Orthohantavirus dobravaense
HTNV/SEO/PUUV;Orthohantavirus;Orthohantavirus hantanense;genus;Hantaviridae;3052480;Hantaviridae;Mammantavirinae;Orthohantavirus;Orthohantavirus hantanense
HTNV/SEO/PUUV;Orthohantavirus;Orthohantavirus seoulense;genus;Hantaviridae;3052498;Hantaviridae;Mammantavirinae;Orthohantavirus;Orthohantavirus seoulense
HTNV/SEO/PUUV;Orthohantavirus;Orthohantavirus puumalaense;genus;Hantaviridae;3052493;Hantaviridae;Mammantavirinae;Orthohantavirus;Orthohantavirus puumalaense
HTNV/SEOV;Orthohantavirus;Orthohantavirus hantanense;genus;Hantaviridae;3052480;Hantaviridae;Mammantavirinae;Orthohantavirus;Orthohantavirus hantanense
HTNV/SEOV;Orthohantavirus;Orthohantavirus seoulense;genus;Hantaviridae;3052498;Hantaviridae;Mammantavirinae;Orthohantavirus;Orthohantavirus seoulense
HTNV/SEOV/DOBV/SNV;Orthohantavirus;Orthohantavirus hantanense;genus;Hantaviridae;3052480;Hantaviridae;Mammantavirinae;Orthohantavirus;Orthohantavirus hantanense
HTNV/SEOV/DOBV/SNV;Orthohantavirus;Orthohantavirus seoulense;genus;Hantaviridae;3052498;Hantaviridae;Mammantavirinae;Orthohantavirus;Orthohantavirus seoulense
HTNV/SEOV/DOBV/SNV;Orthohantavirus;Orthohantavirus dobravaense;genus;Hantaviridae;3052477;Hantaviridae;Mammantavirinae;Orthohantavirus;Orthohantavirus dobravaense
HTNV/SEOV/DOBV/SNV;Orthohantavirus;Orthohantavirus sinnombreense;genus;Hantaviridae;3052499;Hantaviridae;Mammantavirinae;Orthohantavirus;Orthohantavirus sinnombreense
HTNV/SEOV/Eothenomys miletus hantavirus LX309;Orthohantavirus;Orthohantavirus hantanense;genus;Hantaviridae;3052480;Hantaviridae;Mammantavirinae;Orthohantavirus;Orthohantavirus hantanense
HTNV/SEOV/Eothenomys miletus hantavirus LX309;Orthohantavirus;Orthohantavirus seoulense;genus;Hantaviridae;3052498;Hantaviridae;Mammantavirinae;Orthohantavirus;Orthohantavirus seoulense
HTNV/SEOV/Eothenomys miletus hantavirus LX309;Orthohantavirus;Orthohantavirus luxiense;genus;Hantaviridae;3052484;Hantaviridae;Mammantavirinae;Orthohantavirus;Orthohantavirus luxiense
HTNV/SEOV/Eothenomys miletus hantavirus LX310;Orthohantavirus;Orthohantavirus hantanense;genus;Hantaviridae;3052480;Hantaviridae;Mammantavirinae;Orthohantavirus;Orthohantavirus hantanense
HTNV/SEOV/Eothenomys miletus hantavirus LX310;Orthohantavirus;Orthohantavirus seoulense;genus;Hantaviridae;3052498;Hantaviridae;Mammantavirinae;Orthohantavirus;Orthohantavirus seoulense
HTNV/SEOV/Eothenomys miletus hantavirus LX310;Orthohantavirus;Orthohantavirus luxiense;genus;Hantaviridae;3052484;Hantaviridae;Mammantavirinae;Orthohantavirus;Orthohantavirus luxiense
HTNV/SEOV/Eothenomys miletus hantavirus LX311;Orthohantavirus;Orthohantavirus hantanense;genus;Hantaviridae;3052480;Hantaviridae;Mammantavirinae;Orthohantavirus;Orthohantavirus hantanense
HTNV/SEOV/Eothenomys miletus hantavirus LX311;Orthohantavirus;Orthohantavirus seoulense;genus;Hantaviridae;3052498;Hantaviridae;Mammantavirinae;Orthohantavirus;Orthohantavirus seoulense
HTNV/SEOV/Eothenomys miletus hantavirus LX311;Orthohantavirus;Orthohantavirus luxiense;genus;Hantaviridae;3052484;Hantaviridae;Mammantavirinae;Orthohantavirus;Orthohantavirus luxiense
HTNV/SEOV/Eothenomys miletus hantavirus LX312;Orthohantavirus;Orthohantavirus hantanense;genus;Hantaviridae;3052480;Hantaviridae;Mammantavirinae;Orthohantavirus;Orthohantavirus hantanense
HTNV/SEOV/Eothenomys miletus hantavirus LX312;Orthohantavirus;Orthohantavirus seoulense;genus;Hantaviridae;3052498;Hantaviridae;Mammantavirinae;Orthohantavirus;Orthohantavirus seoulense
HTNV/SEOV/Eothenomys miletus hantavirus LX312;Orthohantavirus;Orthohantavirus luxiense;genus;Hantaviridae;3052484;Hantaviridae;Mammantavirinae;Orthohantavirus;Orthohantavirus luxiense
HTNV/SEOV/Eothenomys miletus hantavirus LX313;Orthohantavirus;Orthohantavirus hantanense;genus;Hantaviridae;3052480;Hantaviridae;Mammantavirinae;Orthohantavirus;Orthohantavirus hantanense
HTNV/SEOV/Eothenomys miletus hantavirus LX313;Orthohantavirus;Orthohantavirus seoulense;genus;Hantaviridae;3052498;Hantaviridae;Mammantavirinae;Orthohantavirus;Orthohantavirus seoulense
HTNV/SEOV/Eothenomys miletus hantavirus LX313;Orthohantavirus;Orthohantavirus luxiense;genus;Hantaviridae;3052484;Hantaviridae;Mammantavirinae;Orthohantavirus;Orthohantavirus luxiense
HTNV/SEOV/Eothenomys miletus hantavirus LX314;Orthohantavirus;Orthohantavirus hantanense;genus;Hantaviridae;3052480;Hantaviridae;Mammantavirinae;Orthohantavirus;Orthohantavirus hantanense
HTNV/SEOV/Eothenomys miletus hantavirus LX314;Orthohantavirus;Orthohantavirus seoulense;genus;Hantaviridae;3052498;Hantaviridae;Mammantavirinae;Orthohantavirus;Orthohantavirus seoulense
HTNV/SEOV/Eothenomys miletus hantavirus LX314;Orthohantavirus;Orthohantavirus luxiense;genus;Hantaviridae;3052484;Hantaviridae;Mammantavirinae;Orthohantavirus;Orthohantavirus luxiense
HTNV/SEOV/Eothenomys miletus hantavirus LX315;Orthohantavirus;Orthohantavirus hantanense;genus;Hantaviridae;3052480;Hantaviridae;Mammantavirinae;Orthohantavirus;Orthohantavirus hantanense
HTNV/SEOV/Eothenomys miletus hantavirus LX315;Orthohantavirus;Orthohantavirus seoulense;genus;Hantaviridae;3052498;Hantaviridae;Mammantavirinae;Orthohantavirus;Orthohantavirus seoulense
HTNV/SEOV/Eothenomys miletus hantavirus LX315;Orthohantavirus;Orthohantavirus luxiense;genus;Hantaviridae;3052484;Hantaviridae;Mammantavirinae;Orthohantavirus;Orthohantavirus luxiense
HTNV/SEOV/Eothenomys miletus hantavirus LX316;Orthohantavirus;Orthohantavirus hantanense;genus;Hantaviridae;3052480;Hantaviridae;Mammantavirinae;Orthohantavirus;Orthohantavirus hantanense
HTNV/SEOV/Eothenomys miletus hantavirus LX316;Orthohantavirus;Orthohantavirus seoulense;genus;Hantaviridae;3052498;Hantaviridae;Mammantavirinae;Orthohantavirus;Orthohantavirus seoulense
HTNV/SEOV/Eothenomys miletus hantavirus LX316;Orthohantavirus;Orthohantavirus luxiense;genus;Hantaviridae;3052484;Hantaviridae;Mammantavirinae;Orthohantavirus;Orthohantavirus luxiense
HTNV/SEOV/Eothenomys miletus hantavirus LX317;Orthohantavirus;Orthohantavirus hantanense;genus;Hantaviridae;3052480;Hantaviridae;Mammantavirinae;Orthohantavirus;Orthohantavirus hantanense
HTNV/SEOV/Eothenomys miletus hantavirus LX317;Orthohantavirus;Orthohantavirus seoulense;genus;Hantaviridae;3052498;Hantaviridae;Mammantavirinae;Orthohantavirus;Orthohantavirus seoulense
HTNV/SEOV/Eothenomys miletus hantavirus LX317;Orthohantavirus;Orthohantavirus luxiense;genus;Hantaviridae;3052484;Hantaviridae;Mammantavirinae;Orthohantavirus;Orthohantavirus luxiense
HTNV/SEOV/Eothenomys miletus hantavirus LX318;Orthohantavirus;Orthohantavirus hantanense;genus;Hantaviridae;3052480;Hantaviridae;Mammantavirinae;Orthohantavirus;Orthohantavirus hantanense
HTNV/SEOV/Eothenomys miletus hantavirus LX318;Orthohantavirus;Orthohantavirus seoulense;genus;Hantaviridae;3052498;Hantaviridae;Mammantavirinae;Orthohantavirus;Orthohantavirus seoulense
HTNV/SEOV/Eothenomys miletus hantavirus LX318;Orthohantavirus;Orthohantavirus luxiense;genus;Hantaviridae;3052484;Hantaviridae;Mammantavirinae;Orthohantavirus;Orthohantavirus luxiense
HTNV/SEOV/Eothenomys miletus hantavirus LX319;Orthohantavirus;Orthohantavirus hantanense;genus;Hantaviridae;3052480;Hantaviridae;Mammantavirinae;Orthohantavirus;Orthohantavirus hantanense
HTNV/SEOV/Eothenomys miletus hantavirus LX319;Orthohantavirus;Orthohantavirus seoulense;genus;Hantaviridae;3052498;Hantaviridae;Mammantavirinae;Orthohantavirus;Orthohantavirus seoulense
HTNV/SEOV/Eothenomys miletus hantavirus LX319;Orthohantavirus;Orthohantavirus luxiense;genus;Hantaviridae;3052484;Hantaviridae;Mammantavirinae;Orthohantavirus;Orthohantavirus luxiense
HTNV/SEOV/Eothenomys miletus hantavirus LX320;Orthohantavirus;Orthohantavirus hantanense;genus;Hantaviridae;3052480;Hantaviridae;Mammantavirinae;Orthohantavirus;Orthohantavirus hantanense
HTNV/SEOV/Eothenomys miletus hantavirus LX320;Orthohantavirus;Orthohantavirus seoulense;genus;Hantaviridae;3052498;Hantaviridae;Mammantavirinae;Orthohantavirus;Orthohantavirus seoulense
HTNV/SEOV/Eothenomys miletus hantavirus LX320;Orthohantavirus;Orthohantavirus luxiense;genus;Hantaviridae;3052484;Hantaviridae;Mammantavirinae;Orthohantavirus;Orthohantavirus luxiense
HTNV/SEOV/PUUV;Orthohantavirus;Orthohantavirus hantanense;genus;Hantaviridae;3052480;Hantaviridae;Mammantavirinae;Orthohantavirus;Orthohantavirus hantanense
HTNV/SEOV/PUUV;Orthohantavirus;Orthohantavirus seoulense;genus;Hantaviridae;3052498;Hantaviridae;Mammantavirinae;Orthohantavirus;Orthohantavirus seoulense
HTNV/SEOV/PUUV;Orthohantavirus;Orthohantavirus puumalaense;genus;Hantaviridae;3052493;Hantaviridae;Mammantavirinae;Orthohantavirus;Orthohantavirus puumalaense
Hainan Medical University Virus;Mammarenavirus wenzhouense;Mammarenavirus wenzhouense;species;Arenaviridae;3052330;Arenaviridae;NA;Mammarenavirus;Mammarenavirus wenzhouense
Hantaan;Orthohantavirus hantanense;Orthohantavirus hantanense;species;Hantaviridae;3052480;Hantaviridae;Mammantavirinae;Orthohantavirus;Orthohantavirus hantanense
Hantaan Virus;Orthohantavirus hantanense;Orthohantavirus hantanense;species;Hantaviridae;3052480;Hantaviridae;Mammantavirinae;Orthohantavirus;Orthohantavirus hantanense
Hantaan orthohantavirus;Orthohantavirus hantanense;Orthohantavirus hantanense;species;Hantaviridae;3052480;Hantaviridae;Mammantavirinae;Orthohantavirus;Orthohantavirus hantanense
Hantaan orthohantavirus (VN3973M589);Orthohantavirus hantanense;Orthohantavirus hantanense;species;Hantaviridae;3052480;Hantaviridae;Mammantavirinae;Orthohantavirus;Orthohantavirus hantanense
Hantaan orthohantavirus (VN4004M620);Orthohantavirus hantanense;Orthohantavirus hantanense;species;Hantaviridae;3052480;Hantaviridae;Mammantavirinae;Orthohantavirus;Orthohantavirus hantanense
Hantaan orthohantavirus Da Bie Shan strain;Orthohantavirus hantanense;Orthohantavirus hantanense;species;Hantaviridae;3052480;Hantaviridae;Mammantavirinae;Orthohantavirus;Orthohantavirus hantanense
Hantaan virus;Orthohantavirus hantanense;Orthohantavirus hantanense;species;Hantaviridae;3052480;Hantaviridae;Mammantavirinae;Orthohantavirus;Orthohantavirus hantanense
Hokkaido Virus;Orthohantavirus puumalaense;Orthohantavirus puumalaense;species;Hantaviridae;3052493;Hantaviridae;Mammantavirinae;Orthohantavirus;Orthohantavirus puumalaense
Imjin virus;Thottimvirus imjinense;Thottimvirus imjinense;species;Hantaviridae;3052788;Hantaviridae;Mammantavirinae;Thottimvirus;Thottimvirus imjinense
Isla Vista Virus;Isla Vista hantavirus;Isla Vista hantavirus;species;Hantaviridae;42097;Hantaviridae;Mammantavirinae;Orthohantavirus;Isla Vista hantavirus
Isla Vista virus;Isla Vista hantavirus;Isla Vista hantavirus;species;Hantaviridae;42097;Hantaviridae;Mammantavirinae;Orthohantavirus;Isla Vista hantavirus
Itapua Strain SNV;Itapua hantavirus;Itapua hantavirus;species;Hantaviridae;261204;Hantaviridae;Mammantavirinae;Orthohantavirus;Itapua hantavirus
Itapua Strain SNV;Itapua hantavirus;Orthohantavirus sinnombreense;species;Hantaviridae;3052499;Hantaviridae;Mammantavirinae;Orthohantavirus;Orthohantavirus sinnombreense
JABV;Jabora virus;Jabora virus;species;Hantaviridae;436077;Hantaviridae;Mammantavirinae;Orthohantavirus;Jabora virus
JMSV/AARV;Orthohantavirus;Jemez Springs virus;genus;Hantaviridae;466215;Hantaviridae;Mammantavirinae;Orthohantavirus;Jemez Springs virus
JMSV/AARV;Orthohantavirus;Ash River virus;genus;Hantaviridae;466216;Hantaviridae;Mammantavirinae;Orthohantavirus;Ash River virus
JUNV;Mammarenavirus juninense;Mammarenavirus juninense;species;Arenaviridae;2169991;Arenaviridae;NA;Mammarenavirus;Mammarenavirus juninense
JUQV;Juquitiba virus;Juquitiba virus;species;Hantaviridae;430511;Hantaviridae;Mammantavirinae;Orthohantavirus;Juquitiba virus
Jabora Virus;Jabora virus;Jabora virus;species;Hantaviridae;436077;Hantaviridae;Mammantavirinae;Orthohantavirus;Jabora virus
Jabora virus;Jabora virus;Jabora virus;species;Hantaviridae;436077;Hantaviridae;Mammantavirinae;Orthohantavirus;Jabora virus
Jabora/Juquitiba virus;Orthohantavirus;Jabora virus;genus;Hantaviridae;436077;Hantaviridae;Mammantavirinae;Orthohantavirus;Jabora virus
Jabora/Juquitiba virus;Orthohantavirus;Juquitiba virus;genus;Hantaviridae;430511;Hantaviridae;Mammantavirinae;Orthohantavirus;Juquitiba virus
Jabor√° hantavirus;Jabora virus;Jabora virus;species;Hantaviridae;436077;Hantaviridae;Mammantavirinae;Orthohantavirus;Jabora virus
Jeju Orthohantavirus;Orthohantavirus jejuense;Orthohantavirus jejuense;species;Hantaviridae;3052481;Hantaviridae;Mammantavirinae;Orthohantavirus;Orthohantavirus jejuense
Jilin-AP06 Virus;Orthohantavirus hantanense;Amur virus;species;Hantaviridae;86782;Hantaviridae;Mammantavirinae;Orthohantavirus;Orthohantavirus hantanense
Junin Virus;Mammarenavirus juninense;Mammarenavirus juninense;species;Arenaviridae;2169991;Arenaviridae;NA;Mammarenavirus;Mammarenavirus juninense
Junin arenavirus;Mammarenavirus juninense;Mammarenavirus juninense;species;Arenaviridae;2169991;Arenaviridae;NA;Mammarenavirus;Mammarenavirus juninense
Junin mammarenavirus;Mammarenavirus juninense;Mammarenavirus juninense;species;Arenaviridae;2169991;Arenaviridae;NA;Mammarenavirus;Mammarenavirus juninense
Junin virus;Mammarenavirus juninense;Mammarenavirus juninense;species;Arenaviridae;2169991;Arenaviridae;NA;Mammarenavirus;Mammarenavirus juninense
Juquitiba Virus;Juquitiba virus;Juquitiba virus;species;Hantaviridae;430511;Hantaviridae;Mammantavirinae;Orthohantavirus;Juquitiba virus
Juquitiba virus;Juquitiba virus;Juquitiba virus;species;Hantaviridae;430511;Hantaviridae;Mammantavirinae;Orthohantavirus;Juquitiba virus
Juquitibia Virus;Juquitiba virus;Juquitiba virus;species;Hantaviridae;430511;Hantaviridae;Mammantavirinae;Orthohantavirus;Juquitiba virus
Juquitibia Virus/Araraquara Virus;Orthohantavirus;Juquitiba virus;genus;Hantaviridae;430511;Hantaviridae;Mammantavirinae;Orthohantavirus;Juquitiba virus
Juquitibia Virus/Araraquara Virus;Orthohantavirus;Araraquara virus;genus;Hantaviridae;139032;Hantaviridae;Mammantavirinae;Orthohantavirus;Orthohantavirus andesense
Jurong Virus;Orthohantavirus;Jurong virus;genus;Hantaviridae;NA;NA;NA;NA;NA
KKMV;Orthohantavirus dobravaense;Orthohantavirus dobravaense;species;Hantaviridae;3052477;Hantaviridae;Mammantavirinae;Orthohantavirus;Orthohantavirus dobravaense
Kielder orthohantavirus;Kielder hantavirus;Kielder hantavirus;species;Hantaviridae;2072643;Hantaviridae;Mammantavirinae;Orthohantavirus;Kielder hantavirus
Kitale virus;Mammarenavirus kitaleense;Mammarenavirus kitaleense;species;Arenaviridae;3052309;Arenaviridae;NA;Mammarenavirus;Mammarenavirus kitaleense
Kodoko virus;Kodoko virus;Kodoko virus;species;Arenaviridae;434491;Arenaviridae;NA;NA;Kodoko virus
Korean Haemorrhagic Fever Virus/HTNV;Orthohantavirus hantanense;Orthohantavirus hantanense;species;Hantaviridae;3052480;Hantaviridae;Mammantavirinae;Orthohantavirus;Orthohantavirus hantanense
Kurkino;Orthohantavirus dobravaense;Orthohantavirus dobravaense;species;Hantaviridae;3052477;Hantaviridae;Mammantavirinae;Orthohantavirus;Orthohantavirus dobravaense
Kurkino virus;Orthohantavirus dobravaense;Orthohantavirus dobravaense;species;Hantaviridae;3052477;Hantaviridae;Mammantavirinae;Orthohantavirus;Orthohantavirus dobravaense
Kwanza virus;Mammarenavirus kwanzaense;Mammarenavirus kwanzaense;species;Arenaviridae;2956184;Arenaviridae;NA;Mammarenavirus;Mammarenavirus kwanzaense
LASV;Mammarenavirus lassaense;Mammarenavirus lassaense;species;Arenaviridae;3052310;Arenaviridae;NA;Mammarenavirus;Mammarenavirus lassaense
LASV/Gbagroube virus/Menekre virus/Mopeia virus/Mobala virus/Ippy virus/Merino walk virus/LCMV/Kodoko virus/Lujo virus/Mafiga mammarenavirus;Mammarenavirus;Mammarenavirus lassaense;genus;Arenaviridae;3052310;Arenaviridae;NA;Mammarenavirus;Mammarenavirus lassaense
LASV/Gbagroube virus/Menekre virus/Mopeia virus/Mobala virus/Ippy virus/Merino walk virus/LCMV/Kodoko virus/Lujo virus/Mafiga mammarenavirus;Mammarenavirus;Gbagroube virus;genus;Arenaviridae;980879;Arenaviridae;NA;Arenavirus;Gbagroube virus
LASV/Gbagroube virus/Menekre virus/Mopeia virus/Mobala virus/Ippy virus/Merino walk virus/LCMV/Kodoko virus/Lujo virus/Mafiga mammarenavirus;Mammarenavirus;Menekre virus;genus;Arenaviridae;980880;Arenaviridae;NA;Arenavirus;Menekre virus
LASV/Gbagroube virus/Menekre virus/Mopeia virus/Mobala virus/Ippy virus/Merino walk virus/LCMV/Kodoko virus/Lujo virus/Mafiga mammarenavirus;Mammarenavirus;Mammarenavirus mopeiaense;genus;Arenaviridae;3052320;Arenaviridae;NA;Mammarenavirus;Mammarenavirus mopeiaense
LASV/Gbagroube virus/Menekre virus/Mopeia virus/Mobala virus/Ippy virus/Merino walk virus/LCMV/Kodoko virus/Lujo virus/Mafiga mammarenavirus;Mammarenavirus;Mammarenavirus praomyidis;genus;Arenaviridae;3052325;Arenaviridae;NA;Mammarenavirus;Mammarenavirus praomyidis
LASV/Gbagroube virus/Menekre virus/Mopeia virus/Mobala virus/Ippy virus/Merino walk virus/LCMV/Kodoko virus/Lujo virus/Mafiga mammarenavirus;Mammarenavirus;Mammarenavirus ippyense;genus;Arenaviridae;3052308;Arenaviridae;NA;Mammarenavirus;Mammarenavirus ippyense
LASV/Gbagroube virus/Menekre virus/Mopeia virus/Mobala virus/Ippy virus/Merino walk virus/LCMV/Kodoko virus/Lujo virus/Mafiga mammarenavirus;Mammarenavirus;Mammarenavirus merinoense;genus;Arenaviridae;3052319;Arenaviridae;NA;Mammarenavirus;Mammarenavirus merinoense
LASV/Gbagroube virus/Menekre virus/Mopeia virus/Mobala virus/Ippy virus/Merino walk virus/LCMV/Kodoko virus/Lujo virus/Mafiga mammarenavirus;Mammarenavirus;Mammarenavirus choriomeningitidis;genus;Arenaviridae;3052303;Arenaviridae;NA;Mammarenavirus;Mammarenavirus choriomeningitidis
LASV/Gbagroube virus/Menekre virus/Mopeia virus/Mobala virus/Ippy virus/Merino walk virus/LCMV/Kodoko virus/Lujo virus/Mafiga mammarenavirus;Mammarenavirus;Kodoko virus;genus;Arenaviridae;434491;Arenaviridae;NA;NA;Kodoko virus
LASV/Gbagroube virus/Menekre virus/Mopeia virus/Mobala virus/Ippy virus/Merino walk virus/LCMV/Kodoko virus/Lujo virus/Mafiga mammarenavirus;Mammarenavirus;Mammarenavirus lujoense;genus;Arenaviridae;3052314;Arenaviridae;NA;Mammarenavirus;Mammarenavirus lujoense
LASV/Gbagroube virus/Menekre virus/Mopeia virus/Mobala virus/Ippy virus/Merino walk virus/LCMV/Kodoko virus/Lujo virus/Mafiga mammarenavirus;Mammarenavirus;Mafiga mammarenavirus;genus;Arenaviridae;913012;Arenaviridae;NA;Mammarenavirus;Mafiga mammarenavirus
LASV/Mozambique virus/LCMV;Mammarenavirus;Mammarenavirus lassaense;genus;Arenaviridae;3052310;Arenaviridae;NA;Mammarenavirus;Mammarenavirus lassaense
LASV/Mozambique virus/LCMV;Mammarenavirus;Mammarenavirus mopeiaense;genus;Arenaviridae;3052320;Arenaviridae;NA;Mammarenavirus;Mammarenavirus mopeiaense
LASV/Mozambique virus/LCMV;Mammarenavirus;Mammarenavirus choriomeningitidis;genus;Arenaviridae;3052303;Arenaviridae;NA;Mammarenavirus;Mammarenavirus choriomeningitidis
LCMV;Mammarenavirus choriomeningitidis;Mammarenavirus choriomeningitidis;species;Arenaviridae;3052303;Arenaviridae;NA;Mammarenavirus;Mammarenavirus choriomeningitidis
LCMV,  Pachinde virus,  Tacaribe virus, LASV, Ippy virus, Mobala virus, Mopeia virus;Mammarenavirus;Mammarenavirus choriomeningitidis;genus;Arenaviridae;3052303;Arenaviridae;NA;Mammarenavirus;Mammarenavirus choriomeningitidis
LCMV,  Pachinde virus,  Tacaribe virus, LASV, Ippy virus, Mobala virus, Mopeia virus;Mammarenavirus;Pichinde virus;genus;Arenaviridae;2905917;Arenaviridae;NA;Mammarenavirus;Mammarenavirus caliense
LCMV,  Pachinde virus,  Tacaribe virus, LASV, Ippy virus, Mobala virus, Mopeia virus;Mammarenavirus;Mammarenavirus tacaribeense;genus;Arenaviridae;3052328;Arenaviridae;NA;Mammarenavirus;Mammarenavirus tacaribeense
LCMV,  Pachinde virus,  Tacaribe virus, LASV, Ippy virus, Mobala virus, Mopeia virus;Mammarenavirus;Mammarenavirus lassaense;genus;Arenaviridae;3052310;Arenaviridae;NA;Mammarenavirus;Mammarenavirus lassaense
LCMV,  Pachinde virus,  Tacaribe virus, LASV, Ippy virus, Mobala virus, Mopeia virus;Mammarenavirus;Mammarenavirus ippyense;genus;Arenaviridae;3052308;Arenaviridae;NA;Mammarenavirus;Mammarenavirus ippyense
LCMV,  Pachinde virus,  Tacaribe virus, LASV, Ippy virus, Mobala virus, Mopeia virus;Mammarenavirus;Mammarenavirus praomyidis;genus;Arenaviridae;3052325;Arenaviridae;NA;Mammarenavirus;Mammarenavirus praomyidis
LCMV,  Pachinde virus,  Tacaribe virus, LASV, Ippy virus, Mobala virus, Mopeia virus;Mammarenavirus;Mammarenavirus mopeiaense;genus;Arenaviridae;3052320;Arenaviridae;NA;Mammarenavirus;Mammarenavirus mopeiaense
LCMV/Junin/Tamiami;Mammarenavirus;Mammarenavirus choriomeningitidis;genus;Arenaviridae;3052303;Arenaviridae;NA;Mammarenavirus;Mammarenavirus choriomeningitidis
LCMV/Junin/Tamiami;Mammarenavirus;Mammarenavirus juninense;genus;Arenaviridae;2169991;Arenaviridae;NA;Mammarenavirus;Mammarenavirus juninense
LCMV/Junin/Tamiami;Mammarenavirus;Mammarenavirus tamiamiense;genus;Arenaviridae;3052329;Arenaviridae;NA;Mammarenavirus;Mammarenavirus tamiamiense
LECV;Orthohantavirus andesense;Orthohantavirus andesense;species;Hantaviridae;1980456;Hantaviridae;Mammantavirinae;Orthohantavirus;Orthohantavirus andesense
LSCV;Orthohantavirus montanoense;Orthohantavirus montanoense;species;Hantaviridae;3052486;Hantaviridae;Mammantavirinae;Orthohantavirus;Orthohantavirus montanoense
Laguna Negra Virus;Orthohantavirus negraense;Orthohantavirus negraense;species;Hantaviridae;3052489;Hantaviridae;Mammantavirinae;Orthohantavirus;Orthohantavirus mamorense
Laguna Negra virus;Orthohantavirus negraense;Orthohantavirus negraense;species;Hantaviridae;3052489;Hantaviridae;Mammantavirinae;Orthohantavirus;Orthohantavirus mamorense
Laguna Negra virus.;Orthohantavirus negraense;Orthohantavirus negraense;species;Hantaviridae;3052489;Hantaviridae;Mammantavirinae;Orthohantavirus;Orthohantavirus mamorense
Lassa Virus;Mammarenavirus lassaense;Mammarenavirus lassaense;species;Arenaviridae;3052310;Arenaviridae;NA;Mammarenavirus;Mammarenavirus lassaense
Lassa mammarenaviridae;Mammarenavirus lassaense;Mammarenavirus lassaense;species;Arenaviridae;3052310;Arenaviridae;NA;Mammarenavirus;Mammarenavirus lassaense
Lassa mammarenavirus;Mammarenavirus lassaense;Mammarenavirus lassaense;species;Arenaviridae;3052310;Arenaviridae;NA;Mammarenavirus;Mammarenavirus lassaense
Lassavirus;Mammarenavirus lassaense;Mammarenavirus lassaense;species;Arenaviridae;3052310;Arenaviridae;NA;Mammarenavirus;Mammarenavirus lassaense
Latino mammarenavirus;Mammarenavirus latinum;Mammarenavirus latinum;species;Arenaviridae;3052311;Arenaviridae;NA;Mammarenavirus;Mammarenavirus latinum
Lechiguanas Virus;Orthohantavirus andesense;Orthohantavirus andesense;species;Hantaviridae;1980456;Hantaviridae;Mammantavirinae;Orthohantavirus;Orthohantavirus andesense
Limestone Canyon Virus;Orthohantavirus montanoense;Orthohantavirus montanoense;species;Hantaviridae;3052486;Hantaviridae;Mammantavirinae;Orthohantavirus;Orthohantavirus montanoense
Limestone Canyon virus;Orthohantavirus montanoense;Orthohantavirus montanoense;species;Hantaviridae;3052486;Hantaviridae;Mammantavirinae;Orthohantavirus;Orthohantavirus montanoense
Lohja virus;Lohja virus;Lohja virus;species;Hantaviridae;1577652;Hantaviridae;Mammantavirinae;Orthohantavirus;Lohja virus
Luna Virus;Mammarenavirus lunaense;Mammarenavirus lunaense;species;Arenaviridae;3052315;Arenaviridae;NA;Mammarenavirus;Mammarenavirus lunaense
Luna virus;Mammarenavirus lunaense;Mammarenavirus lunaense;species;Arenaviridae;3052315;Arenaviridae;NA;Mammarenavirus;Mammarenavirus lunaense
Lunk virus;Mammarenavirus lunkense;Mammarenavirus lunkense;species;Arenaviridae;3052316;Arenaviridae;NA;Mammarenavirus;Mammarenavirus lunkense
Lymphocytic choriomeningitis mammarenavirus;Mammarenavirus choriomeningitidis;Mammarenavirus choriomeningitidis;species;Arenaviridae;3052303;Arenaviridae;NA;Mammarenavirus;Mammarenavirus choriomeningitidis
Lymphocytic choriomeningitis virus;Mammarenavirus choriomeningitidis;Mammarenavirus choriomeningitidis;species;Arenaviridae;3052303;Arenaviridae;NA;Mammarenavirus;Mammarenavirus choriomeningitidis
MJNV;Thottimvirus imjinense;Thottimvirus imjinense;species;Hantaviridae;3052788;Hantaviridae;Mammantavirinae;Thottimvirus;Thottimvirus imjinense
MOPV;Mammarenavirus mopeiaense;Mammarenavirus mopeiaense;species;Arenaviridae;3052320;Arenaviridae;NA;Mammarenavirus;Mammarenavirus mopeiaense
MPRV;Middle Pease River virus;Middle Pease River virus;species;Arenaviridae;1237118;Arenaviridae;NA;NA;Middle Pease River virus
Maciel hantavirus;Orthohantavirus andesense;Orthohantavirus andesense;species;Hantaviridae;1980456;Hantaviridae;Mammantavirinae;Orthohantavirus;Orthohantavirus andesense
Maciel virus;Orthohantavirus andesense;Orthohantavirus andesense;species;Hantaviridae;1980456;Hantaviridae;Mammantavirinae;Orthohantavirus;Orthohantavirus andesense
Malacky Virus;Malacky virus;Malacky virus;species;Peribunyaviridae;41403;Peribunyaviridae;NA;NA;Malacky virus
Mammarenavirus bearense;Mammarenavirus bearense;Mammarenavirus bearense;species;Arenaviridae;3052298;Arenaviridae;NA;Mammarenavirus;Mammarenavirus bearense
Mammarenavirus lunaense;Mammarenavirus lunaense;Mammarenavirus lunaense;species;Arenaviridae;3052315;Arenaviridae;NA;Mammarenavirus;Mammarenavirus lunaense
Mammarenavirus lunkense;Mammarenavirus lunkense;Mammarenavirus lunkense;species;Arenaviridae;3052316;Arenaviridae;NA;Mammarenavirus;Mammarenavirus lunkense
Mammarenavirus marientalense;Mammarenavirus marientalense;Mammarenavirus marientalense;species;Arenaviridae;3052318;Arenaviridae;NA;Mammarenavirus;Mammarenavirus marientalense
Mammarenavirus mopeiaense;Mammarenavirus mopeiaense;Mammarenavirus mopeiaense;species;Arenaviridae;3052320;Arenaviridae;NA;Mammarenavirus;Mammarenavirus mopeiaense
Mammarenavirus piritalense;Mammarenavirus piritalense;Mammarenavirus piritalense;species;Arenaviridae;3052324;Arenaviridae;NA;Mammarenavirus;Mammarenavirus piritalense
Mammarenavirus wenzhouense;Mammarenavirus piritalense;Mammarenavirus piritalense;species;Arenaviridae;3052324;Arenaviridae;NA;Mammarenavirus;Mammarenavirus piritalense
Maporal virus;Orthohantavirus maporalense;Orthohantavirus maporalense;species;Hantaviridae;3052485;Hantaviridae;Mammantavirinae;Orthohantavirus;Orthohantavirus maporalense
Mariental Virus/ Okahandja Virus;Mammarenavirus;Mammarenavirus marientalense;genus;Arenaviridae;3052318;Arenaviridae;NA;Mammarenavirus;Mammarenavirus marientalense
Mariental Virus/ Okahandja Virus;Mammarenavirus;Mammarenavirus okahandjaense;genus;Arenaviridae;3052321;Arenaviridae;NA;Mammarenavirus;Mammarenavirus okahandjaense
Maripa virus;Maripa virus;Maripa virus;species;Hantaviridae;654422;Hantaviridae;Mammantavirinae;Orthohantavirus;Orthohantavirus mamorense
Mayotte virus;Mayotte virus;Mayotte virus;species;Hantaviridae;NA;NA;NA;NA;NA
Merino Walk Virus;Mammarenavirus merinoense;Mammarenavirus merinoense;species;Arenaviridae;3052319;Arenaviridae;NA;Mammarenavirus;Mammarenavirus merinoense
Miletus Virus;Orthohantavirus luxiense;Orthohantavirus luxiense;species;Hantaviridae;3052484;Hantaviridae;Mammantavirinae;Orthohantavirus;Orthohantavirus luxiense
Monongahela Virus;Monongahela hantavirus;Monongahela hantavirus;species;Hantaviridae;2259728;Hantaviridae;Mammantavirinae;Orthohantavirus;Monongahela hantavirus
Mopei mammarenavirus;Mammarenavirus mopeiaense;Mammarenavirus mopeiaense;species;Arenaviridae;3052320;Arenaviridae;NA;Mammarenavirus;Mammarenavirus mopeiaense
Mopeia Virus;Mammarenavirus mopeiaense;Mammarenavirus mopeiaense;species;Arenaviridae;3052320;Arenaviridae;NA;Mammarenavirus;Mammarenavirus mopeiaense
Mopeia mammarenavirus;Mammarenavirus mopeiaense;Mammarenavirus mopeiaense;species;Arenaviridae;3052320;Arenaviridae;NA;Mammarenavirus;Mammarenavirus mopeiaense
Morogoro arenavirus;Morogoro mammarenavirus;Morogoro mammarenavirus;species;Arenaviridae;573900;Arenaviridae;NA;Mammarenavirus;Mammarenavirus mopeiaense
Morogoro virus;Morogoro mammarenavirus;Morogoro mammarenavirus;species;Arenaviridae;573900;Arenaviridae;NA;Mammarenavirus;Mammarenavirus mopeiaense
Muju Virus;Orthohantavirus puumalaense;Orthohantavirus puumalaense;species;Hantaviridae;3052493;Hantaviridae;Mammantavirinae;Orthohantavirus;Orthohantavirus puumalaense
Muju virus;Orthohantavirus puumalaense;Orthohantavirus puumalaense;species;Hantaviridae;3052493;Hantaviridae;Mammantavirinae;Orthohantavirus;Orthohantavirus puumalaense
Muleshoe Virus;Muleshoe hantavirus;Muleshoe hantavirus;species;Hantaviridae;47301;Hantaviridae;Mammantavirinae;Orthohantavirus;Muleshoe hantavirus
Necocli virus;Orthohantavirus necocliense;Orthohantavirus necocliense;species;Hantaviridae;3052488;Hantaviridae;Mammantavirinae;Orthohantavirus;Orthohantavirus sp. 'necocliense'
New York Virus;Orthohantavirus sinnombreense;Orthohantavirus sinnombreense;species;Hantaviridae;3052499;Hantaviridae;Mammantavirinae;Orthohantavirus;Orthohantavirus sinnombreense
Ngerengere mammarenavirus;Ngerengere mammarenavirus;Ngerengere mammarenavirus;species;Arenaviridae;3030863;Arenaviridae;NA;Mammarenavirus;Ngerengere mammarenavirus
North American arenavirus;Mammarenavirus whitewaterense;Mammarenavirus whitewaterense;species;Arenaviridae;3052331;Arenaviridae;NA;Mammarenavirus;Mammarenavirus whitewaterense
Nova Virus (NVAV);Mobatvirus novaense;Mobatvirus novaense;species;Hantaviridae;3052337;Hantaviridae;Mammantavirinae;Mobatvirus;Mobatvirus novaense
Oliveros Virus;Mammarenavirus oliverosense;Mammarenavirus oliverosense;species;Arenaviridae;3052322;Arenaviridae;NA;Mammarenavirus;Mammarenavirus oliverosense
Oran virus;Oran virus;Oran virus;species;Hantaviridae;69247;Hantaviridae;Mammantavirinae;Orthohantavirus;Orthohantavirus andesense
Orthohantavirus andasense (Lechiguanas);Orthohantavirus andesense;Orthohantavirus andesense;species;Hantaviridae;1980456;Hantaviridae;Mammantavirinae;Orthohantavirus;Orthohantavirus andesense
Orthohantavirus andasense (Pergamino);Orthohantavirus andesense;Orthohantavirus andesense;species;Hantaviridae;1980456;Hantaviridae;Mammantavirinae;Orthohantavirus;Orthohantavirus andesense
Orthohantavirus andesense;Orthohantavirus andesense;Orthohantavirus andesense;species;Hantaviridae;1980456;Hantaviridae;Mammantavirinae;Orthohantavirus;Orthohantavirus andesense
Orthohantavirus asikkalaense;Orthohantavirus asikkalaense;Orthohantavirus asikkalaense;species;Hantaviridae;1980458;Hantaviridae;Mammantavirinae;Orthohantavirus;Orthohantavirus asikkalaense
Orthohantavirus bayoui;Orthohantavirus bayoui;Orthohantavirus bayoui;species;Hantaviridae;3052470;Hantaviridae;Mammantavirinae;Orthohantavirus;Orthohantavirus bayoui
Orthohantavirus delgaditoense;Orthohantavirus delgaditoense;Orthohantavirus delgaditoense;species;Hantaviridae;3052476;Hantaviridae;Mammantavirinae;Orthohantavirus;Orthohantavirus delgaditoense
Orthohantavirus dobravaense;Orthohantavirus dobravaense;Orthohantavirus dobravaense;species;Hantaviridae;3052477;Hantaviridae;Mammantavirinae;Orthohantavirus;Orthohantavirus dobravaense
Orthohantavirus hantanense;Orthohantavirus hantanense;Orthohantavirus hantanense;species;Hantaviridae;3052480;Hantaviridae;Mammantavirinae;Orthohantavirus;Orthohantavirus hantanense
Orthohantavirus kenkemeense;Orthohantavirus kenkemeense;Orthohantavirus kenkemeense;species;Hantaviridae;3052482;Hantaviridae;Mammantavirinae;Orthohantavirus;Orthohantavirus kenkemeense
Orthohantavirus khabarovskense;Orthohantavirus khabarovskense;Orthohantavirus khabarovskense;species;Hantaviridae;3052483;Hantaviridae;Mammantavirinae;Orthohantavirus;Orthohantavirus khabarovskense
Orthohantavirus moroense;Orthohantavirus moroense;Orthohantavirus moroense;species;Hantaviridae;3052487;Hantaviridae;Mammantavirinae;Orthohantavirus;Orthohantavirus carrizalense
Orthohantavirus negraense;Orthohantavirus negraense;Orthohantavirus negraense;species;Hantaviridae;3052489;Hantaviridae;Mammantavirinae;Orthohantavirus;Orthohantavirus mamorense
Orthohantavirus puumalaense;Orthohantavirus puumalaense;Orthohantavirus puumalaense;species;Hantaviridae;3052493;Hantaviridae;Mammantavirinae;Orthohantavirus;Orthohantavirus puumalaense
Orthohantavirus rockportense;Orthohantavirus rockportense;Orthohantavirus rockportense;species;Hantaviridae;3052495;Hantaviridae;Mammantavirinae;Orthohantavirus;Orthohantavirus rockportense
Orthohantavirus sangassouense;Orthohantavirus sangassouense;Orthohantavirus sangassouense;species;Hantaviridae;3052496;Hantaviridae;Mammantavirinae;Orthohantavirus;Orthohantavirus sangassouense
Orthohantavirus seewisense;Orthohantavirus seewisense;Orthohantavirus seewisense;species;Hantaviridae;2560748;Hantaviridae;Mammantavirinae;Orthohantavirus;Orthohantavirus sp. 'seewisense'
Orthohantavirus seoulense;Orthohantavirus seoulense;Orthohantavirus seoulense;species;Hantaviridae;3052498;Hantaviridae;Mammantavirinae;Orthohantavirus;Orthohantavirus seoulense
Orthohantavirus sinnombrense;Orthohantavirus sinnombreense;Orthohantavirus sinnombreense;species;Hantaviridae;3052499;Hantaviridae;Mammantavirinae;Orthohantavirus;Orthohantavirus sinnombreense
Orthohantavirus tatenalense;Orthohantavirus tatenalense;Orthohantavirus tatenalense;species;Hantaviridae;3052500;Hantaviridae;Mammantavirinae;Orthohantavirus;Orthohantavirus tatenalense
Orthohantavirus tigrayense;Orthohantavirus tigrayense;Orthohantavirus tigrayense;species;Hantaviridae;3052502;Hantaviridae;Mammantavirinae;Orthohantavirus;Orthohantavirus tigrayense
Orthohantavirus tulaense;Orthohantavirus tulaense;Orthohantavirus tulaense;species;Hantaviridae;3052503;Hantaviridae;Mammantavirinae;Orthohantavirus;Orthohantavirus tulaense
Oxbow Hantavirus;Orthohantavirus oxbowense;Orthohantavirus oxbowense;species;Hantaviridae;3052491;Hantaviridae;Mammantavirinae;Orthohantavirus;Orthohantavirus sp. 'oxbowense'
PUUV;Orthohantavirus puumalaense;Orthohantavirus puumalaense;species;Hantaviridae;3052493;Hantaviridae;Mammantavirinae;Orthohantavirus;Orthohantavirus puumalaense
PUUV (BAWA strain);Orthohantavirus puumalaense;Orthohantavirus puumalaense;species;Hantaviridae;3052493;Hantaviridae;Mammantavirinae;Orthohantavirus;Orthohantavirus puumalaense
PUUV (SOT strain);Orthohantavirus puumalaense;Orthohantavirus puumalaense;species;Hantaviridae;3052493;Hantaviridae;Mammantavirinae;Orthohantavirus;Orthohantavirus puumalaense
PUUV (VRA strain);Orthohantavirus puumalaense;Orthohantavirus puumalaense;species;Hantaviridae;3052493;Hantaviridae;Mammantavirinae;Orthohantavirus;Orthohantavirus puumalaense
PUUV+SEOV;Orthohantavirus;Orthohantavirus puumalaense;genus;Hantaviridae;3052493;Hantaviridae;Mammantavirinae;Orthohantavirus;Orthohantavirus puumalaense
PUUV+SEOV;Orthohantavirus;Orthohantavirus seoulense;genus;Hantaviridae;3052498;Hantaviridae;Mammantavirinae;Orthohantavirus;Orthohantavirus seoulense
PUUV, TULV, SNV, ANDV;Orthohantavirus;Orthohantavirus puumalaense;genus;Hantaviridae;3052493;Hantaviridae;Mammantavirinae;Orthohantavirus;Orthohantavirus puumalaense
PUUV, TULV, SNV, ANDV;Orthohantavirus;Orthohantavirus tulaense;genus;Hantaviridae;3052503;Hantaviridae;Mammantavirinae;Orthohantavirus;Orthohantavirus tulaense
PUUV, TULV, SNV, ANDV;Orthohantavirus;Orthohantavirus sinnombreense;genus;Hantaviridae;3052499;Hantaviridae;Mammantavirinae;Orthohantavirus;Orthohantavirus sinnombreense
PUUV, TULV, SNV, ANDV;Orthohantavirus;Orthohantavirus andesense;genus;Hantaviridae;1980456;Hantaviridae;Mammantavirinae;Orthohantavirus;Orthohantavirus andesense
PUUV/DOBV;Orthohantavirus;Orthohantavirus puumalaense;genus;Hantaviridae;3052493;Hantaviridae;Mammantavirinae;Orthohantavirus;Orthohantavirus puumalaense
PUUV/DOBV;Orthohantavirus;Orthohantavirus dobravaense;genus;Hantaviridae;3052477;Hantaviridae;Mammantavirinae;Orthohantavirus;Orthohantavirus dobravaense
PUUV/HTNV;Orthohantavirus;Orthohantavirus puumalaense;genus;Hantaviridae;3052493;Hantaviridae;Mammantavirinae;Orthohantavirus;Orthohantavirus puumalaense
PUUV/HTNV;Orthohantavirus;Orthohantavirus hantanense;genus;Hantaviridae;3052480;Hantaviridae;Mammantavirinae;Orthohantavirus;Orthohantavirus hantanense
PUUV/SAAV;Orthohantavirus;Orthohantavirus puumalaense;genus;Hantaviridae;3052493;Hantaviridae;Mammantavirinae;Orthohantavirus;Orthohantavirus puumalaense
PUUV/SAAV;Orthohantavirus;Orthohantavirus dobravaense;genus;Hantaviridae;3052477;Hantaviridae;Mammantavirinae;Orthohantavirus;Orthohantavirus dobravaense
PUUV/SNV;Orthohantavirus;Orthohantavirus puumalaense;genus;Hantaviridae;3052493;Hantaviridae;Mammantavirinae;Orthohantavirus;Orthohantavirus puumalaense
PUUV/SNV;Orthohantavirus;Orthohantavirus sinnombreense;genus;Hantaviridae;3052499;Hantaviridae;Mammantavirinae;Orthohantavirus;Orthohantavirus sinnombreense
PUUV/TULV;Orthohantavirus;Orthohantavirus puumalaense;genus;Hantaviridae;3052493;Hantaviridae;Mammantavirinae;Orthohantavirus;Orthohantavirus puumalaense
PUUV/TULV;Orthohantavirus;Orthohantavirus tulaense;genus;Hantaviridae;3052503;Hantaviridae;Mammantavirinae;Orthohantavirus;Orthohantavirus tulaense
Patawa virus;Patawa virus;Patawa virus;species;Arenaviridae;1545496;Arenaviridae;NA;NA;Patawa virus
Pergamino Virus;Orthohantavirus andesense;Orthohantavirus andesense;species;Hantaviridae;1980456;Hantaviridae;Mammantavirinae;Orthohantavirus;Orthohantavirus andesense
Pergamino virus;Orthohantavirus andesense;Orthohantavirus andesense;species;Hantaviridae;1980456;Hantaviridae;Mammantavirinae;Orthohantavirus;Orthohantavirus andesense
Pinhal virus;Pinhal virus;Pinhal virus;species;Arenaviridae;485722;Arenaviridae;NA;Arenavirus;Pinhal virus
Pirital Virus;Pirital virus;Pirital virus;species;Arenaviridae;3052324;Arenaviridae;NA;Mammarenavirus;Mammarenavirus piritalense
Pirital virus;Pirital virus;Pirital virus;species;Arenaviridae;3052324;Arenaviridae;NA;Mammarenavirus;Mammarenavirus piritalense
Prospect Hill Virus;Orthohantavirus prospectense;Orthohantavirus prospectense;species;Hantaviridae;3052492;Hantaviridae;Mammantavirinae;Orthohantavirus;Orthohantavirus prospectense
Prospect Hill Virus (PHV;Orthohantavirus prospectense;Orthohantavirus prospectense;species;Hantaviridae;3052492;Hantaviridae;Mammantavirinae;Orthohantavirus;Orthohantavirus prospectense
Puumala;Orthohantavirus puumalaense;Orthohantavirus puumalaense;species;Hantaviridae;3052493;Hantaviridae;Mammantavirinae;Orthohantavirus;Orthohantavirus puumalaense
Puumala (PUUV);Orthohantavirus puumalaense;Orthohantavirus puumalaense;species;Hantaviridae;3052493;Hantaviridae;Mammantavirinae;Orthohantavirus;Orthohantavirus puumalaense
Puumala Virus;Orthohantavirus puumalaense;Orthohantavirus puumalaense;species;Hantaviridae;3052493;Hantaviridae;Mammantavirinae;Orthohantavirus;Orthohantavirus puumalaense
Puumala hantavirus;Orthohantavirus puumalaense;Orthohantavirus puumalaense;species;Hantaviridae;3052493;Hantaviridae;Mammantavirinae;Orthohantavirus;Orthohantavirus puumalaense
Puumala orthohantavirus;Orthohantavirus puumalaense;Orthohantavirus puumalaense;species;Hantaviridae;3052493;Hantaviridae;Mammantavirinae;Orthohantavirus;Orthohantavirus puumalaense
Puumala orthohantavirus (JA3011KTF49);Orthohantavirus puumalaense;Orthohantavirus puumalaense;species;Hantaviridae;3052493;Hantaviridae;Mammantavirinae;Orthohantavirus;Orthohantavirus puumalaense
Puumala orthohantavirus (JA3028KTF66);Orthohantavirus puumalaense;Orthohantavirus puumalaense;species;Hantaviridae;3052493;Hantaviridae;Mammantavirinae;Orthohantavirus;Orthohantavirus puumalaense
Puumala orthohantavirus (JA3120KTF116);Orthohantavirus puumalaense;Orthohantavirus puumalaense;species;Hantaviridae;3052493;Hantaviridae;Mammantavirinae;Orthohantavirus;Orthohantavirus puumalaense
Puumala orthohantavirus (JA3122KTF118);Orthohantavirus puumalaense;Orthohantavirus puumalaense;species;Hantaviridae;3052493;Hantaviridae;Mammantavirinae;Orthohantavirus;Orthohantavirus puumalaense
Puumala orthohantavirus (JA4032KTF597);Orthohantavirus puumalaense;Orthohantavirus puumalaense;species;Hantaviridae;3052493;Hantaviridae;Mammantavirinae;Orthohantavirus;Orthohantavirus puumalaense
Puumala orthohantavirus (JA4277KTF-637);Orthohantavirus puumalaense;Orthohantavirus puumalaense;species;Hantaviridae;3052493;Hantaviridae;Mammantavirinae;Orthohantavirus;Orthohantavirus puumalaense
Puumala orthohantavirus (JA5171KTF862);Orthohantavirus puumalaense;Orthohantavirus puumalaense;species;Hantaviridae;3052493;Hantaviridae;Mammantavirinae;Orthohantavirus;Orthohantavirus puumalaense
Puumala orthohantavirus (JA5274KTF935);Orthohantavirus puumalaense;Orthohantavirus puumalaense;species;Hantaviridae;3052493;Hantaviridae;Mammantavirinae;Orthohantavirus;Orthohantavirus puumalaense
Puumala orthohantavirus (JA5277KTF945);Orthohantavirus puumalaense;Orthohantavirus puumalaense;species;Hantaviridae;3052493;Hantaviridae;Mammantavirinae;Orthohantavirus;Orthohantavirus puumalaense
Puumala orthohantavirus (JA6551KTF153);Orthohantavirus puumalaense;Orthohantavirus puumalaense;species;Hantaviridae;3052493;Hantaviridae;Mammantavirinae;Orthohantavirus;Orthohantavirus puumalaense
Puumala orthohantavirus (JA6557KTF159);Orthohantavirus puumalaense;Orthohantavirus puumalaense;species;Hantaviridae;3052493;Hantaviridae;Mammantavirinae;Orthohantavirus;Orthohantavirus puumalaense
Puumala orthohantavirus (UA1818B74);Orthohantavirus puumalaense;Orthohantavirus puumalaense;species;Hantaviridae;3052493;Hantaviridae;Mammantavirinae;Orthohantavirus;Orthohantavirus puumalaense
Puumala orthohantavirus Hokkaido strain;Orthohantavirus puumalaense;Orthohantavirus puumalaense;species;Hantaviridae;3052493;Hantaviridae;Mammantavirinae;Orthohantavirus;Orthohantavirus puumalaense
Puumala virus;Orthohantavirus puumalaense;Orthohantavirus puumalaense;species;Hantaviridae;3052493;Hantaviridae;Mammantavirinae;Orthohantavirus;Orthohantavirus puumalaense
Puumala virus/Saaremaa virus;Orthohantavirus;Orthohantavirus puumalaense;genus;Hantaviridae;3052493;Hantaviridae;Mammantavirinae;Orthohantavirus;Orthohantavirus puumalaense
Puumala virus/Saaremaa virus;Orthohantavirus;Orthohantavirus dobravaense;genus;Hantaviridae;3052477;Hantaviridae;Mammantavirinae;Orthohantavirus;Orthohantavirus dobravaense
Rat hepatitits E virus;Rocahepevirus ratti;Rocahepevirus ratti;species;Hepaviridae;1678145;Hepeviridae;Orthohepevirinae;Rocahepevirus;Rocahepevirus ratti
Rio Mamore Virus;Orthohantavirus mamorense;Orthohantavirus mamorense;species;Hantaviridae;3431295;Hantaviridae;Mammantavirinae;Orthohantavirus;Orthohantavirus mamorense
Rio Mamore hantavirus;Orthohantavirus mamorense;Orthohantavirus mamorense;species;Hantaviridae;3431295;Hantaviridae;Mammantavirinae;Orthohantavirus;Orthohantavirus mamorense
Rio Mamore virus;Orthohantavirus mamorense;Orthohantavirus mamorense;species;Hantaviridae;3431295;Hantaviridae;Mammantavirinae;Orthohantavirus;Orthohantavirus mamorense
RtAa-HV/SD2016;Orthohantavirus;RtAa-HV/SD2016;genus;Hantaviridae;NA;NA;NA;NA;NA
RtAp-HV/JL2014;Orthohantavirus;RtAp-HV/JL2014;genus;Hantaviridae;NA;NA;NA;NA;NA
RtCe-HV/NX2015;Orthohantavirus;RtCe-HV/NX2015;genus;Hantaviridae;NA;NA;NA;NA;NA
RtCl-HV/GZ2015;Orthohantavirus;RtCl-HV/GZ2015;genus;Hantaviridae;NA;NA;NA;NA;NA
RtDs-AreV/IM2014;Orthohantavirus;RtDs-AreV/IM2014;genus;Hantaviridae;NA;NA;NA;NA;NA
RtDs-HV/IM2014;Orthohantavirus;RtDs-HV/IM2014;genus;Hantaviridae;NA;NA;NA;NA;NA
RtMc-AreV/YN2014;Orthohantavirus;RtMc-AreV/YN2014;genus;Hantaviridae;NA;NA;NA;NA;NA
RtMg-HV/XJ2015;Orthohantavirus;RtMg-HV/XJ2015;genus;Hantaviridae;NA;NA;NA;NA;NA
RtMrut-HV/JL2014;Orthohantavirus;RtMrut-HV/JL2014;genus;Hantaviridae;NA;NA;NA;NA;NA
RtNn-HV/HuN2015;Orthohantavirus;RtNn-HV/HuN2015;genus;Hantaviridae;NA;NA;NA;NA;NA
RtNn-HV/NX2015;Orthohantavirus;RtNn-HV/NX2015;genus;Hantaviridae;NA;NA;NA;NA;NA
RtNn-HV/SAX2015;Orthohantavirus;RtNn-HV/SAX2015;genus;Hantaviridae;NA;NA;NA;NA;NA
RtRf-AreV/YN2014;Orthohantavirus;RtRf-AreV/YN2014;genus;Hantaviridae;NA;NA;NA;NA;NA
RtRl-AreV/HuN2015;Orthohantavirus;RtRl-AreV/HuN2015;genus;Hantaviridae;NA;NA;NA;NA;NA
RtRn-AreV/YN2014;Orthohantavirus;RtRn-AreV/YN2014;genus;Hantaviridae;NA;NA;NA;NA;NA
RtRn-AreV/ZJ2016;Orthohantavirus;RtRn-AreV/ZJ2016;genus;Hantaviridae;NA;NA;NA;NA;NA
RtRn-HV/GD2015;Orthohantavirus;RtRn-HV/GD2015;genus;Hantaviridae;NA;NA;NA;NA;NA
Rusne orthohantavirus;Rusne orthohantavirus;Rusne orthohantavirus;species;Hantaviridae;2771208;Hantaviridae;Mammantavirinae;Orthohantavirus;Rusne orthohantavirus
R√≠o Mamor√© virus;Orthohantavirus mamorense;Orthohantavirus mamorense;species;Hantaviridae;3431295;Hantaviridae;Mammantavirinae;Orthohantavirus;Orthohantavirus mamorense
SAAV;Orthohantavirus dobravaense;Orthohantavirus dobravaense;species;Hantaviridae;3052477;Hantaviridae;Mammantavirinae;Orthohantavirus;Orthohantavirus dobravaense
SEOV;Orthohantavirus seoulense;Orthohantavirus seoulense;species;Hantaviridae;3052498;Hantaviridae;Mammantavirinae;Orthohantavirus;Orthohantavirus seoulense
SEOV (Tchoupitoulas Variant);Orthohantavirus seoulense;Orthohantavirus seoulense;species;Hantaviridae;3052498;Hantaviridae;Mammantavirinae;Orthohantavirus;Orthohantavirus seoulense
SEOV/DOBV/PUUV;Orthohantavirus;Orthohantavirus seoulense;genus;Hantaviridae;3052498;Hantaviridae;Mammantavirinae;Orthohantavirus;Orthohantavirus seoulense
SEOV/DOBV/PUUV;Orthohantavirus;Orthohantavirus dobravaense;genus;Hantaviridae;3052477;Hantaviridae;Mammantavirinae;Orthohantavirus;Orthohantavirus dobravaense
SEOV/DOBV/PUUV;Orthohantavirus;Orthohantavirus puumalaense;genus;Hantaviridae;3052493;Hantaviridae;Mammantavirinae;Orthohantavirus;Orthohantavirus puumalaense
SEOV/HTNV;Orthohantavirus;Orthohantavirus seoulense;genus;Hantaviridae;3052498;Hantaviridae;Mammantavirinae;Orthohantavirus;Orthohantavirus seoulense
SEOV/HTNV;Orthohantavirus;Orthohantavirus hantanense;genus;Hantaviridae;3052480;Hantaviridae;Mammantavirinae;Orthohantavirus;Orthohantavirus hantanense
SNV;Orthohantavirus sinnombreense;Orthohantavirus sinnombreense;species;Hantaviridae;3052499;Hantaviridae;Mammantavirinae;Orthohantavirus;Orthohantavirus sinnombreense
SNV-Antigen;Orthohantavirus sinnombreense;Orthohantavirus sinnombreense;species;Hantaviridae;3052499;Hantaviridae;Mammantavirinae;Orthohantavirus;Orthohantavirus sinnombreense
SNV/ELMCV/LCV/BCCV/NYV;Orthohantavirus;Orthohantavirus sinnombreense;genus;Hantaviridae;3052499;Hantaviridae;Mammantavirinae;Orthohantavirus;Orthohantavirus sinnombreense
SNV/ELMCV/LCV/BCCV/NYV;Orthohantavirus;Orthohantavirus moroense;genus;Hantaviridae;3052487;Hantaviridae;Mammantavirinae;Orthohantavirus;Orthohantavirus carrizalense
SNV/ELMCV/LCV/BCCV/NYV;Orthohantavirus;Orthohantavirus montanoense;genus;Hantaviridae;3052486;Hantaviridae;Mammantavirinae;Orthohantavirus;Orthohantavirus montanoense
SNV/Hantavirus;Orthohantavirus;Orthohantavirus sinnombreense;genus;Hantaviridae;3052499;Hantaviridae;Mammantavirinae;Orthohantavirus;Orthohantavirus sinnombreense
SNV/MTNV;Orthohantavirus;Orthohantavirus sinnombreense;genus;Hantaviridae;3052499;Hantaviridae;Mammantavirinae;Orthohantavirus;Orthohantavirus sinnombreense
SNV/MTNV;Orthohantavirus;Orthohantavirus montanoense;genus;Hantaviridae;3052486;Hantaviridae;Mammantavirinae;Orthohantavirus;Orthohantavirus montanoense
SOEV;Orthohantavirus seoulense;Orthohantavirus seoulense;species;Hantaviridae;3052498;Hantaviridae;Mammantavirinae;Orthohantavirus;Orthohantavirus seoulense
SWSV;Orthohantavirus seewisense;Orthohantavirus seewisense;species;Hantaviridae;2560748;Hantaviridae;Mammantavirinae;Orthohantavirus;Orthohantavirus sp. 'seewisense'
Saaremaa orthohantavirus;Orthohantavirus dobravaense;Orthohantavirus dobravaense;species;Hantaviridae;3052477;Hantaviridae;Mammantavirinae;Orthohantavirus;Orthohantavirus dobravaense
Sangoussou virus;Orthohantavirus sangassouense;Orthohantavirus sangassouense;species;Hantaviridae;3052496;Hantaviridae;Mammantavirinae;Orthohantavirus;Orthohantavirus sangassouense
Seewis Virus;Orthohantavirus seewisense;Orthohantavirus seewisense;species;Hantaviridae;2560748;Hantaviridae;Mammantavirinae;Orthohantavirus;Orthohantavirus sp. 'seewisense'
Seewis orhtohantavirus;Orthohantavirus seewisense;Orthohantavirus seewisense;species;Hantaviridae;2560748;Hantaviridae;Mammantavirinae;Orthohantavirus;Orthohantavirus sp. 'seewisense'
Seewis virus;Orthohantavirus seewisense;Orthohantavirus seewisense;species;Hantaviridae;2560748;Hantaviridae;Mammantavirinae;Orthohantavirus;Orthohantavirus sp. 'seewisense'
Seoul Orthohantavirus;Orthohantavirus seoulense;Orthohantavirus seoulense;species;Hantaviridae;3052498;Hantaviridae;Mammantavirinae;Orthohantavirus;Orthohantavirus seoulense
Seoul Virus (SEOV);Orthohantavirus seoulense;Orthohantavirus seoulense;species;Hantaviridae;3052498;Hantaviridae;Mammantavirinae;Orthohantavirus;Orthohantavirus seoulense
Seoul hantavirus;Orthohantavirus seoulense;Orthohantavirus seoulense;species;Hantaviridae;3052498;Hantaviridae;Mammantavirinae;Orthohantavirus;Orthohantavirus seoulense
Seoul orthohantavirus;Orthohantavirus seoulense;Orthohantavirus seoulense;species;Hantaviridae;3052498;Hantaviridae;Mammantavirinae;Orthohantavirus;Orthohantavirus seoulense
Seoul virus;Orthohantavirus seoulense;Orthohantavirus seoulense;species;Hantaviridae;3052498;Hantaviridae;Mammantavirinae;Orthohantavirus;Orthohantavirus seoulense
Serang virus;Orthohantavirus thailandense;Orthohantavirus thailandense;species;Hantaviridae;3052501;Hantaviridae;Mammantavirinae;Orthohantavirus;Orthohantavirus thailandense
Shrew-HV/SX2014;Orthohantavirus;Shrew-HV/SX2014;genus;Hantaviridae;NA;NA;NA;NA;NA
Shrew-HV/Tibet2014;Orthohantavirus;Shrew-HV/Tibet2014;genus;Hantaviridae;NA;NA;NA;NA;NA
Sin Nombre Orthohantavirus;Orthohantavirus sinnombreense;Orthohantavirus sinnombreense;species;Hantaviridae;3052499;Hantaviridae;Mammantavirinae;Orthohantavirus;Orthohantavirus sinnombreense
Sin Nombre Virus;Orthohantavirus sinnombreense;Orthohantavirus sinnombreense;species;Hantaviridae;3052499;Hantaviridae;Mammantavirinae;Orthohantavirus;Orthohantavirus sinnombreense
Sin Nombre hantavirus;Orthohantavirus sinnombreense;Orthohantavirus sinnombreense;species;Hantaviridae;3052499;Hantaviridae;Mammantavirinae;Orthohantavirus;Orthohantavirus sinnombreense
Sin Nombre orthohantavirus;Orthohantavirus sinnombreense;Orthohantavirus sinnombreense;species;Hantaviridae;3052499;Hantaviridae;Mammantavirinae;Orthohantavirus;Orthohantavirus sinnombreense
Sin Nombre virus;Orthohantavirus sinnombreense;Orthohantavirus sinnombreense;species;Hantaviridae;3052499;Hantaviridae;Mammantavirinae;Orthohantavirus;Orthohantavirus sinnombreense
Songea mammarenavirus;Songea mammarenavirus;Songea mammarenavirus;species;Arenaviridae;3030864;Arenaviridae;NA;Mammarenavirus;Songea mammarenavirus
Sweetwater Canyon Virus;Orthohantavirus sinnombreense;Orthohantavirus sinnombreense;species;Hantaviridae;3052499;Hantaviridae;Mammantavirinae;Orthohantavirus;Orthohantavirus sinnombreense
THAIV;Orthohantavirus thailandense;Orthohantavirus thailandense;species;Hantaviridae;3052501;Hantaviridae;Mammantavirinae;Orthohantavirus;Orthohantavirus thailandense
THAIV (Thailand Virus);Orthohantavirus thailandense;Orthohantavirus thailandense;species;Hantaviridae;3052501;Hantaviridae;Mammantavirinae;Orthohantavirus;Orthohantavirus thailandense
TULV;Orthohantavirus tulaense;Orthohantavirus tulaense;species;Hantaviridae;3052503;Hantaviridae;Mammantavirinae;Orthohantavirus;Orthohantavirus tulaense
Tacaribe Serocomplex virus;Mammarenavirus tacaribeense;Mammarenavirus tacaribeense;species;Arenaviridae;3052328;Arenaviridae;NA;Mammarenavirus;Mammarenavirus tacaribeense
Tacaribe Virus;Mammarenavirus tacaribeense;Mammarenavirus tacaribeense;species;Arenaviridae;3052328;Arenaviridae;NA;Mammarenavirus;Mammarenavirus tacaribeense
Tamiami;Mammarenavirus tamiamiense;Mammarenavirus tamiamiense;species;Arenaviridae;3052329;Arenaviridae;NA;Mammarenavirus;Mammarenavirus tamiamiense
Tamiami virus;Mammarenavirus tamiamiense;Mammarenavirus tamiamiense;species;Arenaviridae;3052329;Arenaviridae;NA;Mammarenavirus;Mammarenavirus tamiamiense
Tamiami/Pichinde;Mammarenavirus;Mammarenavirus tamiamiense;genus;Arenaviridae;3052329;Arenaviridae;NA;Mammarenavirus;Mammarenavirus tamiamiense
Tamiami/Pichinde;Mammarenavirus;Mammarenavirus caliense;genus;Arenaviridae;3052300;Arenaviridae;NA;Mammarenavirus;Mammarenavirus caliense
Tazar Virus;Orthohantavirus dobravaense;Orthohantavirus dobravaense;species;Hantaviridae;3052477;Hantaviridae;Mammantavirinae;Orthohantavirus;Orthohantavirus dobravaense
Tchoupitoulas virus;Orthohantavirus seoulense;Orthohantavirus seoulense;species;Hantaviridae;3052498;Hantaviridae;Mammantavirinae;Orthohantavirus;Orthohantavirus seoulense
Thailand hantavirus;Orthohantavirus thailandense;Orthohantavirus thailandense;species;Hantaviridae;3052501;Hantaviridae;Mammantavirinae;Orthohantavirus;Orthohantavirus thailandense
Thailand orthohantavirus;Orthohantavirus thailandense;Orthohantavirus thailandense;species;Hantaviridae;3052501;Hantaviridae;Mammantavirinae;Orthohantavirus;Orthohantavirus thailandense
Thailand orthohantavirus (MDG3887MG9);Orthohantavirus thailandense;Orthohantavirus thailandense;species;Hantaviridae;3052501;Hantaviridae;Mammantavirinae;Orthohantavirus;Orthohantavirus thailandense
Thailand orthohantavirus Anjo strain;Orthohantavirus thailandense;Orthohantavirus thailandense;species;Hantaviridae;3052501;Hantaviridae;Mammantavirinae;Orthohantavirus;Orthohantavirus thailandense
Thottapalayam Virus;Thottimvirus thottapalayamense;Thottimvirus thottapalayamense;species;Hantaviridae;3052789;Hantaviridae;Mammantavirinae;Thottimvirus;Thottimvirus thottapalayamense
Thottapalayam virus;Thottimvirus thottapalayamense;Thottimvirus thottapalayamense;species;Hantaviridae;3052789;Hantaviridae;Mammantavirinae;Thottimvirus;Thottimvirus thottapalayamense
Tigray Orthohantavirus;Orthohantavirus tigrayense;Orthohantavirus tigrayense;species;Hantaviridae;3052502;Hantaviridae;Mammantavirinae;Orthohantavirus;Orthohantavirus tigrayense
Topografov Virus;Orthohantavirus khabarovskense;Orthohantavirus khabarovskense;species;Hantaviridae;3052483;Hantaviridae;Mammantavirinae;Orthohantavirus;Orthohantavirus khabarovskense
Tula Virus;Orthohantavirus tulaense;Orthohantavirus tulaense;species;Hantaviridae;3052503;Hantaviridae;Mammantavirinae;Orthohantavirus;Orthohantavirus tulaense
Tula Virus Antigen;Orthohantavirus tulaense;Orthohantavirus tulaense;species;Hantaviridae;3052503;Hantaviridae;Mammantavirinae;Orthohantavirus;Orthohantavirus tulaense
Tula orthohantavirus;Orthohantavirus tulaense;Orthohantavirus tulaense;species;Hantaviridae;3052503;Hantaviridae;Mammantavirinae;Orthohantavirus;Orthohantavirus tulaense
Tula orthohantavirus (Moravia strain);Orthohantavirus tulaense;Orthohantavirus tulaense;species;Hantaviridae;3052503;Hantaviridae;Mammantavirinae;Orthohantavirus;Orthohantavirus tulaense
Tula orthohantavirus (Thuringia strain);Orthohantavirus tulaense;Orthohantavirus tulaense;species;Hantaviridae;3052503;Hantaviridae;Mammantavirinae;Orthohantavirus;Orthohantavirus tulaense
Tula virus;Orthohantavirus tulaense;Orthohantavirus tulaense;species;Hantaviridae;3052503;Hantaviridae;Mammantavirinae;Orthohantavirus;Orthohantavirus tulaense
Tunari Virus;Orthohantavirus andesense;Orthohantavirus andesense;species;Hantaviridae;1980456;Hantaviridae;Mammantavirinae;Orthohantavirus;Orthohantavirus andesense
Vladivostock virus;Orthohantavirus khabarovskense;Orthohantavirus khabarovskense;species;Hantaviridae;3052483;Hantaviridae;Mammantavirinae;Orthohantavirus;Orthohantavirus khabarovskense
WENV;Mammarenavirus wenzhouense;Mammarenavirus wenzhouense;species;Arenaviridae;3052330;Arenaviridae;NA;Mammarenavirus;Mammarenavirus wenzhouense
WWA and AMA;Mammarenavirus;Mammarenavirus whitewaterense;genus;Arenaviridae;3052331;Arenaviridae;NA;Mammarenavirus;Mammarenavirus whitewaterense
WWA and AMA;Mammarenavirus;Mammarenavirus amapariense;genus;Arenaviridae;3052296;Arenaviridae;NA;Mammarenavirus;Mammarenavirus amapariense
WWAV;Mammarenavirus whitewaterense;Mammarenavirus whitewaterense;species;Arenaviridae;3052331;Arenaviridae;NA;Mammarenavirus;Mammarenavirus whitewaterense
WWAV/AMAV;Mammarenavirus;Mammarenavirus whitewaterense;genus;Arenaviridae;3052331;Arenaviridae;NA;Mammarenavirus;Mammarenavirus whitewaterense
WWAV/AMAV;Mammarenavirus;Mammarenavirus amapariense;genus;Arenaviridae;3052296;Arenaviridae;NA;Mammarenavirus;Mammarenavirus amapariense
Wenzhou Virus;Mammarenavirus wenzhouense;Mammarenavirus wenzhouense;species;Arenaviridae;3052330;Arenaviridae;NA;Mammarenavirus;Mammarenavirus wenzhouense
Wenzhou virus;Mammarenavirus wenzhouense;Mammarenavirus wenzhouense;species;Arenaviridae;3052330;Arenaviridae;NA;Mammarenavirus;Mammarenavirus wenzhouense
Whitewater Arroyo Virus;Mammarenavirus whitewaterense;Mammarenavirus whitewaterense;species;Arenaviridae;3052331;Arenaviridae;NA;Mammarenavirus;Mammarenavirus whitewaterense
Whitewater Arroyo Virus/Amapari Virus;Mammarenavirus;Mammarenavirus whitewaterense;genus;Arenaviridae;3052331;Arenaviridae;NA;Mammarenavirus;Mammarenavirus whitewaterense
Whitewater Arroyo Virus/Amapari Virus;Mammarenavirus;Mammarenavirus amapariense;genus;Arenaviridae;3052296;Arenaviridae;NA;Mammarenavirus;Mammarenavirus amapariense
Whitewater Arroyo mammarenavirus;Mammarenavirus whitewaterense;Mammarenavirus whitewaterense;species;Arenaviridae;3052331;Arenaviridae;NA;Mammarenavirus;Mammarenavirus whitewaterense
Whitewater Arroyo virus;Mammarenavirus whitewaterense;Mammarenavirus whitewaterense;species;Arenaviridae;3052331;Arenaviridae;NA;Mammarenavirus;Mammarenavirus whitewaterense
Whitewater arroyo Virus (WWA);Mammarenavirus whitewaterense;Mammarenavirus whitewaterense;species;Arenaviridae;3052331;Arenaviridae;NA;Mammarenavirus;Mammarenavirus whitewaterense
Xapuri virus;Mammarenavirus xapuriense;Mammarenavirus xapuriense;species;Arenaviridae;3052332;Arenaviridae;NA;Mammarenavirus;Mammarenavirus xapuriense
